Business Name,Phone,Email(s),Website,Address,Neighborhood,Postal Code,Rating,Categories,Facebook,Instagram,Twitter,TikTok,YouTube
FG'S Body Shop,(737) 202-9850,,,,Pond Springs,78750,5,Auto body shop,,,,,
ECO Advanced Detailing,(512) 200-5575,,https://ecoadvanceddetailing.com/,,,,5,"Car detailing service, Car wash, Service establishment",,,,,
Pont Detailing,(713) 301-8763,"operations@eliteprodetailings.com, PontDetailing@gmail.com",http://www.pontdetailing.com/,,,,5,"Car detailing service, Service establishment",,http://www.instagram.com/pont_mobile_detailing,,,
Nightmare Ready Mobile Detailing,(737) 270-5910,,,,,,,5,"Car detailing service, Service establishment",,,,,
Unrated Auto Spa,(901) 581-1069,UNRATEDAUTOSPA@GMAIL.COM,https://unratedautospa.com/,,,,5,"Window tinting service, Auto window tinting service, Service establishment",https://www.facebook.com/213137115208493,,,,
DR EUROMASTER,(512) 953-9110,911autodr@gmail.com,https://www.dreuromaster.com/,"13501 US-183, Austin, TX 78750",Pond Springs,78750,4.7,"Auto repair shop, Auto tune up service, Brake shop, Car repair and maintenance service, Mechanic, Oil change service",,,,,
Gerber Precision Detailing,(919) 418-5346,,https://www.gerberdetailing.com/,,,,4.9,"Car detailing service, Service establishment",,,,,
Aqua Luxe Detailing,,,http://aqualuxedetailing.com/,,,,5,"Car detailing service, Service establishment",,,,,
Surf Thru Express Car Wash,(512) 506-9336,,https://surfthruexpress.com/,"13200 Ranch Rd 620 N, Austin, TX 78717",Avery Ranch-Lakeline,78717,4,Car wash,,,,,
Klean Image,(512) 258-7003,Info@kleanimage.com,https://www.kleanimage.com/,"13498 Pond Springs Rd, Austin, TX 78729",Pond Springs,78729,5,Janitorial service,,,,,
Protect Automotive Solutions,(737) 727-3332,info@ppfprotect.com,https://ppfprotect.com/,"12225 Roxie Dr, Austin, TX 78729",Pond Springs,78729,5,"Car detailing service, Auto window tinting service, Vehicle wrapping service",https://www.facebook.com/profile.php?id=61564999580690,https://www.instagram.com/protectautomotive,,,
LoneStar MobileDetailing,(737) 704-4531,,https://lonestar-mobiledetailing.business.site/,"12300 Hymeadow Dr, Austin, TX 78750",Anderson Mill,78750,4,Car detailing service,,,,,
Shinny Auto Detailing,(832) 939-5068,,,"8617 Spicewood Springs Rd, Austin, TX 78759",Anderson Mill,78759,,Car detailing service,,,,,
Austin Auto Armor,,,http://austinautoarmor.com/,"12112 Roxie Dr E, Austin, TX 78729",Pond Springs,78729,4.6,"Car detailing service, Boat detailing service, RV detailing service, Vehicle wrapping service, Window tinting service",,,,,
Palms Car Wash,(512) 730-1818,,http://www.palmscarwash.com/,"13691 Research Blvd, Austin, TX 78750",Heritage Center Northwest,78750,3.9,"Car detailing service, Car wash","https://www.facebook.com/ThePalmsCarWashat183, https://www.facebook.com/ThePalmsCarWash","https://www.instagram.com/palmscarwash183, https://www.instagram.com/palmscarwashbrodie",https://twitter.com/palmscarwashatx,,
Egred Cars Detailing,(513) 221-9252,,https://www.instagram.com/egredcars_detailing,"12829 Ridgeline Blvd apt 1308, Cedar Park, TX 78613",Avery Ranch-Lakeline,78613,4.7,Car detailing service,,,,,
Master Auto Detail LLC,(512) 806-3544,,,"10505 N FM 620, Austin, TX 78726",Anderson Mill,78726,4.9,Car wash,,,,,
Pro-Luxe Automotive Detailing LLC,(512) 796-3086,,https://proluxeautodetailing.com/,,,,4.9,"Car detailing service, Service establishment",https://www.facebook.com/ProLuxeAutoDetail,https://www.instagram.com/proluxe_autodetail,,,
Clear Car Wash And Detail,(512) 502-4560,clearhandcarwash@gmail.com,http://www.clearcarwashanddetail.com/,"9708 Anderson Mill Rd, Austin, TX 78750",Acres West,78750,4.6,"Car detailing service, Car wash",,https://www.instagram.com/clearcarwashatx,,,
PDR Crew Auto Hail Dent Repair,(512) 996-7457,contact@pdrcrew.com,https://pdrcrew.com/,"12225 Roxie Dr, Austin, TX 78729",Pond Springs,78729,4.9,"Car detailing service, Auto body shop, Auto painting, Auto dent removal service, Vehicle wrapping service, Window tinting service",https://www.facebook.com/pdrcrewrepair,https://www.instagram.com/pdrcrewrepair,,https://www.youtube.com/@pdrcrew,
