Business Name,Phone,Email,Website,Address,Neighborhood,Postal Code,Rating,Category,Facebook,Instagram,Twitter,TikTok,YouTube,LinkedIn
Shinny auto detailing,(832) 939-5068,,,,Anderson Mill,78759,,Car detailing service,,,,,,
Austin Auto Armor,,,http://austinautoarmor.com/,12112 Roxie Dr E Austin TX 78729,Pond Springs,78729,4.6,Car detailing service,,,,,,
Gerber Precision Detailing,(919) 418-5346,,https://www.gerberdetailing.com/,,,,4.9,Car detailing service,,,,,,
FG'S Body Shop,(737) 202-9850,,,13501 US-183 Austin TX 78750,Pond Springs,78750,5,Auto body shop,,,,,,
Steel and shine,(512) 983-6268,,,,,,Car wash,,,,,,
Pont detailing,(713) 301-8763,PontDetailing@gmail.com,http://www.pontdetailing.com/,,,,5,Car detailing service,,http://www.instagram.com/pont_mobile_detailing,,,,
G&B MOBILE DETAILING,(512) 803-3180,,,,,,Car wash,,,,,,
DETAIL2U,(512) 775-5052,,,,,,Car detailing service,,,,,,
Refined Rides Mobile Detailing,(512) 627-8034,,,,,,Car detailing service,,,,,,
Dees Car Detailing Bizz LLC,(512) 560-3501,,,,,,Car detailing service,,,,,,
Lone Star Mobile Detailing,(512) 656-5035,,https://lonestarmobiledetailing.my.canva.site,,,,Car detailing service,,,,,,
Honey Badger Auto Finish,(208) 506-0996,,,,,,Car detailing service,,,,,,
Premier Auto and boat detailing,(512) 731-1136,,,,,,Car detailing service,,,,,,
Detailing Chez Vous,(737) 285-6307,,,,,,Car detailing service,,,,,,
PS Auto Care,(737) 255-5856,,,,,,Car detailing service,,,,,,
AutoGlow Car Detailing,(512) 762-9364,,https://detailpro.my.canva.site/autocare,,,,Car detailing service,,,,,,
RH Mobile Details,(512) 500-3267,,https://rhmobiledetails.com/,,,,Car detailing service,,,,,,
R&R Detailing,(512) 351-1187,detailing.rar@gmail.com,https://rr-detailing.webnode.page/,,,,5,Car detailing service,,,,,,
Podium Finish Auto Detailing,(512) 270-8798,,,,,,Car detailing service,,,,,,
G-Spotless Auto Detailing,(512) 677-3937,,,,,,Car detailing service,,,,,,
Texas Tuff Mobile Detailing,(512) 937-6861,,,,,,5,Car detailing service,,,,,,
Rinse & Shine Detailing,(512) 917-5741,,http://rinse-shine-detailing.square.site/,,,,Car detailing service,,,,,,
K&C Precision Detailing,(512) 784-3102,,,,,,Car detailing service,,,,,,
J & P Cedar Park Auto Detailing,(512) 822-0327,,,,,,Car detailing service,,,,,,
Veritas Mobile Detailing,(512) 970-5444,,,,,,5,Car detailing service,,,,,,
ARC Auto Detailing,(512) 992-7983,,,,,,Car detailing service,,,,,,
Longhorn Legacy Auto Detailing,(512) 689-3937,,,,,,Car detailing service,,,,,,
SC AUTO SPA | Mobile Car Detail Services,(512) 521-6417,,,,,,Car detailing service,,,,,,
Boriken Detail Masters,(737) 390-3028,borikendetailmasters@gmail.com,http://borikendetailmasters.com/,,,,Car wash,,https://www.instagram.com/borikendetailmasters,,,,
Audi North Austin,(512) 548-9101,HR@hitechautogroup.com,https://www.audinorthaustin.com/,13045 Research Blvd Austin TX 78750,Pond Springs,78750,4.3,Auto repair shop,https://www.facebook.com/AudiNorthAustin,https://www.instagram.com/audinorthaustin,,,,
ATX Prestige Detailing,(253) 228-6824,,https://www.atxprestigedetailing.com/,,,,5,Car detailing service,,,,,,
DMV Detailing,(512) 520-6412,,,,,,Car detailing service,,,,,,
Detailing Chez Vous LLC,(737) 341-9256,,,,,,5,Car detailing service,,,,,,
Jake's Mobile Details,(512) 888-9274,,,,,,5,Car detailing service,,,,,,
Bentley Austin,(737) 304-8195,HR@hitechautogroup.com,https://www.bentleyaustin.com/,12989 Research Blvd Austin TX 78750,Pond Springs,78750,4.8,Auto repair shop,https://www.facebook.com/bentleyatx,https://www.instagram.com/bentleymotors.atx,,,https://www.youtube.com/channel/UC2MoMbzA_G3JsSh0QyShpYg,
Revive Auto Detailing ATX,(512) 769-8635,,,,,,5,Car detailing service,,,,,,
Gavin's Car Detailing,(512) 589-6977,,,,,,5,Car detailing service,,,,,,
Advance Auto Parts,(512) 331-8021,nicole.ducouer@advance-auto.com,https://stores.advanceautoparts.com/tx/austin/,11701 Ranch Rd 620 N Austin TX 78750,Anderson Mill,78750,4.4,Auto parts store,https://www.facebook.com/advanceautoparts,https://www.instagram.com/advanceautoparts,https://twitter.com/AdvanceAuto,,https://www.youtube.com/user/AdvanceAutoParts,https://linkedin.com/company/advance-auto-parts
Kia of North Austin Service Center,(512) 980-6615,,https://www.kianorthaustin.com/,13175 US-183 Austin TX 78750,Renaissance At Hunter's Chase,78750,4.9,Auto repair shop,,,,,,
Manny & Johnnys,(512) 250-1234,,,13218 Pond Springs Rd Austin TX 78729,Pond Springs,78729,3.8,Auto repair shop,,,,,,
Lotus of Austin Service,(737) 304-8196,HR@hitechautogroup.com,https://www.lotusofaustin.com/,12971 Pond Springs Rd Austin TX 78729,Pond Springs,78729,,Auto repair shop,https://www.facebook.com/lotusofaustin,,,,,
Alfa Romeo of Austin Service,(512) 277-7216,HR@hitechautogroup.com,https://www.alfaromeoaustin.com/,12925 Pond Springs Rd Austin TX 78729,Pond Springs,78729,4.9,Auto repair shop,,,,,,
Nightmare Ready Mobile Detailing,(737) 270-5910,,,,,,5,Car detailing service,,,,,,
DR EUROMASTER,(512) 953-9110,911autodr@gmail.com,https://www.dreuromaster.com/,13501 US-183 Austin TX 78750,Pond Springs,78750,4.7,Auto repair shop,,,,,,
ECO Advanced Detailing,(512) 200-5575,,https://ecoadvanceddetailing.com/,,,,5,Car detailing service,,,,,,
Aqua Luxe Detailing,,,http://aqualuxedetailing.com/,,,,5,Car detailing service,,,,,,
Unrated Auto Spa,(901) 581-1069,UNRATEDAUTOSPA@GMAIL.COM,https://unratedautospa.com/,,,,5,Window tinting service,https://www.facebook.com/213137115208493,,,,,
Surf Thru Express Car Wash,(512) 506-9336,,https://surfthruexpress.com/,13200 Ranch Rd 620 N Austin TX 78717,Avery Ranch-Lakeline,78717,4,Car wash,,,,,,
Klean Image,(512) 258-7003,Info@kleanimage.com,https://www.kleanimage.com/,13498 Pond Springs Rd Austin TX 78729,Pond Springs,78729,5,Janitorial service,,,,,,
Aiden's Mobile Detailing,(512) 486-9565,,https://bookyourdetailing.com/,,,,,5,Car detailing service,,,,,,
LoneStar MobileDetailing,(737) 704-4531,,https://lonestar-mobiledetailing.business.site/,12300 Hymeadow Dr Austin TX 78750,Anderson Mill,78750,4,Car detailing service,,,,,,
Protect Automotive Solutions,(737) 727-3332,info@ppfprotect.com,https://ppfprotect.com/,12225 Roxie Dr Austin TX 78729,Pond Springs,78729,5,Car detailing service,https://www.facebook.com/profile.php?id=61564999580690,https://www.instagram.com/protectautomotive,,,,
Car Paradise,(331) 401-0949,,https://carparadise.us/,,,,5,Car detailing service,,,,,,
Victaurus Auto Detailing,(512) 937-3764,,http://victaurusautodetailing.com/,12340 Little Emily Way Austin TX 78753,Copperfield,78753,5,Car detailing service,,,,,,
Palms Car Wash,(512) 730-1818,,http://www.palmscarwash.com/,13691 Research Blvd Austin TX 78750,Heritage Center Northwest,78750,3.9,Car detailing service,https://www.facebook.com/ThePalmsCarWashat183,https://www.instagram.com/palmscarwash183,https://twitter.com/palmscarwashatx,,,
Pro-Luxe Automotive Detailing LLC,(512) 796-3086,,https://proluxeautodetailing.com/,,,,4.9,Car detailing service,https://www.facebook.com/ProLuxeAutoDetail,https://www.instagram.com/proluxe_autodetail,,,,
SHWASH Mobile Car Detailing Austin,(512) 399-6898,,https://www.shwash.co/,700 W Parmer Ln Austin TX 78753,Tech Ridge Center,78753,5,Car detailing service,https://www.facebook.com/Shwashmobilewash,https://www.instagram.com/shwashmobiledetail,,,https://www.linkedin.com/company/shwash,
The Wax Shack Auto Detailing Austin,(512) 407-8000,george@thewaxshackdetailing.com,http://www.thewaxshackdetailing.com/,301 W Koenig Ln Austin TX 78751,North Loop,78751,4.1,Car detailing service,https://www.facebook.com/austintxautodetailing,,,,,
A & H Car Wash and Detailing,(512) 554-7233,,,1814 Briarcliff Blvd Austin TX 78723,University Hills and Windsor Park,78723,4.7,Car detailing service,,,,,,
Acura Of Austin North Service Department,(512) 955-5426,,https://www.acuraofaustinnorth.com/,13553 Research Blvd Austin TX 78750,Pond Springs,78750,4.1,Auto repair shop,,,,,,
Torque Car Detailing,(737) 221-2752,,https://torquecardetailing.site/,1820 Kenwood Ave Austin TX 78704,South River City,78704,,Car detailing service,,,,,,
Xtreme Clean Detail,(512) 660-1326,,,10504 Berthound Dr Austin TX 78758,North Austin Civic Association,78758,5,Car detailing service,,,,,,
Complete Auto Detail & Car Wash,(512) 436-8222,,https://www.completeautodetail.com/,1514 W 5th St Austin TX 78703,Old West Austin,78703,4.6,Car detailing service,,,,,,
Super Duper Detail,(512) 534-3554,,https://superduper.simplybook.me/,1112 Blue Fox Dr Austin TX 78753,Harris Ridge,78753,5,Car detailing service,,,,,,
L.U.X Detailing Wash,(512) 987-6824,,,8110 Blue Goose Rd Manor TX 78653,Harris Branch,78653,5,Car detailing service,,,,,,
Magic Detailing & Ceramic Coating,(469) 859-4834,magicdetailing87@gmail.com,https://magicdetailing87.wixsite.com/,1421 E Rundberg Ln Austin TX 78753,Heritage Hills,78753,5,Car detailing service,https://www.facebook.com/profile.php?id=100063634689238,,,,,
PDR Crew Auto Hail Dent Repair,(512) 996-7457,contact@pdrcrew.com,https://pdrcrew.com/,12225 Roxie Dr Austin TX 78729,Pond Springs,78729,4.9,Car detailing service,https://www.facebook.com/pdrcrewrepair,https://www.instagram.com/pdrcrewrepair,,,https://www.youtube.com/@pdrcrew,
Premier Wash and Detail Austin,(512) 289-1279,,http://www.premierwashdetailing.com/,4700 Loyola Ln Austin TX 78723,University Hills and Windsor Park,78723,5,Car detailing service,,,,,,
R&A Mobile Car Detail,(737) 367-2243,,https://rnamobilecardetail.site/,3504 S 1st St Austin TX 78704,Galindo,78704,,Car detailing service,,,,,,
Master Auto Detail LLC.,(512) 806-3544,,,10505 N FM 620 Austin TX 78726,Anderson Mill,78726,4.9,Car wash,,,,,,
Egred Cars Detailing,(513) 221-9252,,,12829 Ridgeline Blvd Cedar Park TX 78613,Avery Ranch-Lakeline,78613,4.7,Car detailing service,,,,,,
GENETIC DETAILING,(512) 985-0704,,http://www.geneticdetailing.com/,824 Camino La Costa C 345 Austin TX 78752,St. Johns,78752,4.8,Car detailing service,,,,,,
Clear Car Wash And Detail,(512) 502-4560,clearhandcarwash@gmail.com,http://www.clearcarwashanddetail.com/,9708 Anderson Mill Rd Austin TX 78750,Acres West,78750,4.6,Car detailing service,,https://www.instagram.com/clearcarwashatx,,,,
Raw Vision Auto Detailing,(512) 800-8850,,http://www.rawvisiondetailing.com/,10100 N Interstate Hwy 35 Austin TX 78753,North Lamar,78753,5,Car detailing service,,,,,,
CleanMachineATX Mobile Auto Detailing,(512) 423-2358,,,,,,Car detailing service,,,,,,
A1 AUTO DETAILING AND SERVICES,,,,6111 Atwood St Austin TX 78741,Montopolis,78741,4.3,Car detailing service,,,,,,
Brightside Detailing,(512) 890-2414,,https://brightsidedetailing.com/,1700 S Lamar Blvd #338 Austin TX 78704,Zilker,78704,5,Car detailing service,https://www.facebook.com/profile.php?id=61550026625003,https://www.instagram.com/brightsidedetailingatx,,,,
Angel's Touch Detailing,(512) 767-3143,,,2700 S Pleasant Valley Rd Austin TX 78741,Parker Lane,78741,5,Car detailing service,,,,,,
OXD Auto Detailing & Ceramic Coating,(512) 987-6824,Gyodetailed@gmail.com,https://detailersite.com/oxd/,8110 Blue Goose Rd Manor TX 78653,Harris Branch,78653,5,Car detailing service,https://www.facebook.com/OXD.auto.detailing,https://www.instagram.com/oxd_auto_detailing,,https://www.tiktok.com/@oxd_auto_detailing,,
TruSmilez Detailing,(512) 704-3410,,,9410 Roxanna Dr Austin TX 78748,Cherry Creek,78748,,Car detailing service,,,,,,
TOP OF THE LINE DETAILING LLC,(512) 652-8272,,http://www.topofthelinedetailing.com/,7600 Chevy Chase Dr bldg.2 suite 300 Austin TX 78752,St. Johns,78752,4.9,Car detailing service,,,,,,
Keep clean ATX Mobile Detailing Services,(512) 888-5554,,http://book.keepcleanatxllc.com/,4501 S Congress Ave Austin TX 78745,South Austin,78745,5,Car detailing service,,,,,,
Xpress Carwash,(512) 986-0241,,,6508 McNeil Dr Austin TX 78729,Indian Oaks,78729,3.3,Car wash,,,,,,
Nippon Auto Detail,(512) 815-1452,,,11510 Century Oaks Terrace Austin TX 78758,North Burnet-Gateway,78758,5,Car detailing service,,,,,,
Select Detailing Austin,(512) 584-5304,selectdetailingaustin@gmail.com,http://selectdetailingaustin.com/,4609 Ganymede Dr Austin TX 78727,Milwood,78727,5,Car detailing service,https://www.facebook.com/Select-Detailing-Austin-102823395604801,https://www.instagram.com/selectdetailingaustin,,,,
SHWASH Mobile Car Detailing Austin (South),(512) 309-0531,,https://www.shwash.co/,5214 Burleson Rd Suite 405 Austin TX 78744,McKinney,78744,4.9,Car detailing service,https://www.facebook.com/Shwashmobilewash,https://www.instagram.com/shwashmobiledetail,,,,https://www.linkedin.com/company/shwash
Royal Auto Finishes,(512) 888-9949,contact@royal-auto-finishes.com,https://www.royal-auto-finishes.com/,5214 Burleson Rd suite 412 Austin TX 78744,McKinney,78744,5,Car detailing service,https://facebook.com/royalautofinishes,https://instagram.com/royalautofinishes,,,https://www.youtube.com/channel/UCggy6R0PRo9v3323WLb7IyA,https://www.linkedin.com/company/royalautofinishes
Miranda AutoSpa Car detailing & Ceramic Coating,(629) 251-7718,mirandaautospa@gmail.com,https://www.mirandaautospa.com/,11312 Gadsen Ln Austin TX 78754,Pioneer Crossing,78754,5,Car detailing service,https://www.facebook.com/profile.php?id=100063930256943,https://www.instagram.com/mirandaautospa_atx,,https://www.tiktok.com/@mirandaautospa,,
Bat City Mobile Detailing,,,,6312 Avery Island Ave Austin TX 78727,Milwood,78727,5,Car detailing service,,,,,,
Perfection Auto Detailing,(512) 745-1071,,https://perfectionautodetailing.weebly.com/,4506 S Congress Ave Austin TX 78745,West Congress,78745,4.9,Car detailing service,,,,,,
Elevated Autoworks,(512) 840-1223,info@elevatedautoworks.com,http://www.elevatedautoworks.com/,606 W Slaughter Ln W Austin TX 78748,Dittmar-Slaughter,78748,4.9,Car detailing service,,,,,,
Charlie's Car Detailing,(512) 848-2168,,,2207 Lynnbrook Dr Austin TX 78748,,78748,2.5,Car detailing service,,,,,,
High End Detailing,(512) 856-4147,,,10104 Old San Antonio Rd Austin TX 78748,Southpark Meadows,78748,,Car detailing service,,,,,,
Lone Star Mobile Detailing,,,https://www.lonestarmobile.info/,11126 Jollyville Rd suite c Austin TX 78759,North Austin,78759,5,Car detailing service,,,,,,
No Mediocre Auto Detailing,(737) 245-4376,,http://ceramicautocoatings.com/,2631 Kramer Ln Austin TX 78758,North Burnet-Gateway,78758,4.9,Car detailing service,https://www.facebook.com/nomediocredetailing,https://www.instagram.com/ceramicautocoatings,,,,
Coyote Auto Detailing LLC Austin Texas,,,,11001 S 1st St Austin TX 78748,Slaughter Creek,78748,,Self service car wash,,,,,,
Austin Auto Finishes,(512) 716-1431,,https://www.austinautofinishes.com/,12406 Technology Blvd Austin TX 78727,Leffler Commercial,78727,4.8,Auto body shop,https://www.facebook.com/AustinAutoFinishes,https://www.instagram.com/austinautofinishes_,,,http://youtube.com/@AustinAutoFinishes,
Blue Skies Auto Care,(512) 915-0435,,https://detailpilot.com/book/blueskiesautocare757,2119 Frate Barker Rd Unit 3106 Austin TX 78748,,78748,4.9,Car detailing service,,,,,,
Hall of Fame Detail - Mobile Car Detailing & Window Tinting,(877) 384-2520,Detailng@halloffamedetail.com,http://halloffamedetail.com/,3310 W Braker Ln #300 Austin TX 78758,North Burnet-Gateway,78758,4.7,Car detailing service,https://www.facebook.com/Halloffamedetailing,https://www.instagram.com/halloffamedetail,,https://www.tiktok.com/@halloffamedetail,https://www.youtube.com/@halloffamedetail,https://www.linkedin.com/company/hall-of-fame-detail
Cen-Tex Detail Supply,(512) 924-8744,centexdetailsupply@gmail.com,https://www.centexdetailsupply.com/,10829 Jollyville Rd Austin TX 78759,Hardrock Canyon,78759,4.8,Car accessories store,http://www.facebook.com/centexdetailsupply,https://www.instagram.com/centexdetailsupply,,,,
H2O Hand Car Wash & Detail,(512) 292-6503,,http://h2ohandcarwash.com/,505 W Slaughter Ln Austin TX 78748,Southpark Meadows,78748,3.3,Car detailing service,,,,,,
OCDetailing,(512) 920-2683,,https://www.ocdetailing.square.site/,4009 Victory Dr B305 Austin TX 78704,South Lamar,78704,4.9,Car detailing service,,,,,,
ATX Auto Detailing LLC,(512) 900-1483,atxautodetailing@gmail.com,http://www.atxad.com/,Domain Dr Austin TX 78758,North Burnet-Gateway,78758,5,Car detailing service,,https://www.instagram.com/atx_autodetailing,,,https://www.youtube.com/@atxautodetailing,
Austin Auto Detailing,(956) 624-8146,,,2204 Airport Blvd Austin TX 78722,East Austin,78722,5,Car detailing service,,,,,,
2YouDetailing,(928) 985-0412,,,2903 Ray Wood Dr Austin TX 78704,Galindo,78704,,Auto machine shop,,,,,,
Shine Car Spa,(737) 382-2764,,,3508 E 7th St Austin TX 78702,Govalle,78702,5,Car detailing service,,,,,,
Eureka Car Wash,,,http://www.clean-o-matic.com/,2249 S Lamar Blvd Austin TX 78704,South Lamar,78704,2.2,Car wash,,,,,,
Jurassic Car Wash,(512) 240-2529,info@jurassiccarwash.com,https://www.jurassiccarwash.com/,4809 S Congress Ave Austin TX 78745,South Austin,78745,4.4,Car wash,,https://www.instagram.com/jurassiccarwashatx,,https://www.tiktok.com/@jurrasic.car.wash,,
Austin's Preferred Detailer,(512) 762-8457,,https://austinspreferreddetailer.com/,4801 Emma Browning Ave Austin TX 78719,Bergstrom,78719,5,Car detailing service,,,,,,
First class mobile services inc,(512) 758-9072,,,6711 N Interstate Hwy 35 Austin TX 78754,St. Johns,78754,5,Car detailing service,,,,,,
Laserwash of Braker Ln,(512) 821-1400,,,2506 W Braker Ln Austin TX 78758,North Burnet-Gateway,78758,4,Car wash,,,,,,
MARTINEZ AUTO REPAIR & TIRE SHOP,(512) 785-9085,info@martinezautorepairatx.com,http://martinezautorepairatx.com/,7511 Burleson Rd Austin TX 78744,Martinshore,78744,4.3,Auto repair shop,,,,,,
Family Car Wash,(512) 450-8093,,,1112 W Koenig Ln Austin TX 78756,Brentwood,78756,4,Car wash,,,,,,
Ovalle Quick & Clean Mobile Car Wash And Detail,(512) 940-3976,,,Dessau Rd Austin TX 78573,River Ranch,78573,,Car wash,,,,,,
Near Me Auto Detailing,(512) 553-2552,,https://nearmeautodetailing.com/,,,,5,Car detailing service,,,,,,
Washing Equipment of Texas,(512) 389-2822,info@wet-texas.com,http://wet-texas.com/,4121 McKinney Falls Pkwy Austin TX 78744,Southeast,78744,4.3,Car wash,,,,,,
Dale's Diamond Details,(512) 666-8321,dalesdiamonddetails@gmail.com,http://www.dalesdiamonddetails.com/,11350 4 Points Dr Austin TX 78726,Four Points,78726,4.9,Car detailing service,https://www.facebook.com/dalesdiamonddetails,https://www.instagram.com/dalesdiamonddetails,,,,
Uniseal Makeready Services AUSTIN,,info@unisealusa.com,https://unisealusa.com/,9204 United Dr Austin TX 78758,North Burnet-Gateway,78758,5,Car detailing service,https://www.facebook.com/uniseal,https://www.instagram.com/unisealusa,,,https://www.youtube.com/@Unisealusa,https://www.linkedin.com/company/uniseal-makeready-services
B Mobile Auto detailing,(512) 897-5932,,,12813 Broughton Way Austin TX 78727,Lamplight Village,78727,5,Car wash,,,,,,
Home Car Wash by Auto Services ATX LLC,(737) 336-1636,detailingservicesatx@gmail.com,http://www.autoservicesatx.com/,9500 Teasdale Terrace Austin TX 78753,Windsor Hills,78753,5,Car detailing service,,,,,,
Alejandros Mobile Car Wash & Auto Detailing,(409) 204-0350,,,7607 Blessing Ave Austin TX 78752,St. Johns,78752,4.5,Car wash,,,,,,
G's auto details,(512) 608-5628,,,1209 W Anderson Ln. Austin TX 78757,Crestview,78757,5,Car detailing service,,,,,,
Pro Atx Detailers,(512) 729-4584,,,824 Camino La Costa C345 Austin TX 78752,St. Johns,78752,4,Car detailing service,,,,,,
TimeLine Mobile Detailing,(512) 638-2275,,,7600 Chevy Chase Dr Austin TX 78752,St. Johns,78752,4,Car detailing service,,,,,,
Elite Vehicle Detailing,(512) 914-0318,,,Bennett Ave Austin TX 78752,St. Johns,78752,,Car detailing service,,,,,,
Rappi Car Detailing,(321) 333-9337,,,1127 Pearl Retreat Ln Austin TX 78753,Tech Ridge,78753,5,Car wash,,,,,,
XPEL Austin,(512) 220-2009,,https://www.austinclearbra.com/,11100 Metric Blvd Suite 200A Austin TX 78758,North Burnet-Gateway,78758,4.9,Car detailing service,https://www.facebook.com/XPELAustin,https://www.instagram.com/xpel,https://twitter.com/XPEL,,https://www.youtube.com/user/XPELPAINTPROTECTION,https://www.linkedin.com/company/xpel
AquaZen Auto Detailing,(737) 404-4740,,http://www.aquazendetailing.net/,12007 N Lamar Blvd Austin TX 78753,North Austin,78753,5,Car detailing service,,,,,,
Watershed Carwash,(737) 787-2661,,https://watershedcarwash.com/,7710 N FM 620 Building 5 Austin TX 78726,Four Points,78726,4.2,Car wash,https://www.facebook.com/profile.php?id=61560752160053,https://www.instagram.com/watershedcarwash,,http://www.tiktok.com/@watershedcarwash,,
Mr Detail,(512) 945-0619,,,1803 Rutland Dr Austin TX 78758,North Austin Civic Association,78758,4.7,Car detailing service,,,,,,
M&E Car Detailing,(737) 309-4197,,https://mecardetailing.site/,4700 1/2 Grover Ave Austin TX 78756,Brentwood,78756,,Car detailing service,,,,,,
Autoshine Pro US - Car Detailing,(737) 368-8227,,https://autoshineprous.com/,8557 N Capital of Texas Hwy Austin TX 78759,Spice Forest,78759,5,Car detailing service,,,,,,
YRR Detailing Pro,(512) 987-6824,,https://www.ondetailers.com/yrrdetailingpro,6107 E Riverside Dr Austin TX 78741,Montopolis,78741,5,Car detailing service,,,,,,
The Pits Hand Car Wash,(512) 297-9698,thepitshandcarwash@gmail.com,http://www.thepitshandcarwash.com/,2015 W Parmer Ln Austin TX 78727,North Austin,78727,4.2,Self service car wash,https://www.facebook.com/ThePitsHandCarWash,,,,,
Sponges: Mobile Car Wash and Detailing,(512) 576-0837,,https://sponges.app/,400 W Anderson Ln. Apt 3102 Austin TX 78752,North Austin,78752,4.8,Car detailing service,,,,,,
Two Brothers Hand Wash & Detailing,(737) 333-0336,,https://twobrothershandwash.weebly.com/,201 E 53rd St Austin TX 78751,North Loop,78751,4.6,Car wash,,,,,,
Detail Garage - Austin,(512) 494-4033,,http://www.detailgarage.com/location,8760 Research Blvd b Austin TX 78758,Wooten,78758,4.8,Car accessories store,https://www.facebook.com/ChemicalGuysMfgCo,https://www.instagram.com/chemicalguys,,,https://www.youtube.com/user/chemicalGuys,
ProntoWash The Domain,(512) 967-6691,,https://prontowash.com/,11410 Century Oaks Terrace Austin TX 78758,North Burnet-Gateway,78758,2.4,Car detailing service,,,,,,
AutoGlo Austin Mobile Car Detailing,(956) 624-8100,contact@autoglo.co,https://autoglo.co/,3000 Kramer Ln Austin TX 78758,North Burnet-Gateway,78758,5,Car detailing service,https://www.facebook.com/share,https://www.instagram.com/autoglomobiledetail,,,,
Texas Shine - Coatings - Hail Repair - Protection Film,(512) 266-6665,texasshine@gmail.com,https://www.texasshine.com/,2211 Denton Dr M Austin TX 78758,North Burnet-Gateway,78758,4.9,Car detailing service,https://www.facebook.com/texasshine,http://www.instagram.com/texasshinedetail,,,https://www.youtube.com/@texasshine,
Centex Mobile Detailing,(512) 882-0748,support@centexshinycars.com,https://centexshinycars.com/,1105 E 2nd St Austin TX 78702,East Austin,78702,4.9,Car detailing service,https://www.facebook.com/profile.php?id=61554015028706,https://www.instagram.com/centexmobilewashanddetail,,,,
#Just Washed Hand Car Wash,(512) 825-9813,Scheduling@JustWashedMobile.com,https://www.justwashedmobile.com/,8218 Burnet Rd Austin TX 78757,North Shoal Creek,78757,4.8,Car wash,,http://instagram.com/justwashedmobile,,https://www.tiktok.com/@justwashedmobile,,
Brightside Detailing (Airport),(512) 890-2414,,https://brightsidedetailing.com/aus/,3201 Presidential Blvd Blue Garage Austin TX 78719,Bergstrom,78719,4.9,Car detailing service,https://www.facebook.com/profile.php?id=61550026625003,https://www.instagram.com/brightsidedetailingatx,,,,
Precision Auto Body,(512) 928-0600,precisionautoatx@gmail.com,http://www.precisionatx.com/,7910 Burleson Rd Building 1 Austin TX 78744,Southeast,78744,4.7,Auto body shop,,,,,,
The Daily Detail Mobile Car Detailing,(512) 488-6414,,https://thedailydetail.com/,1912 Crooked Ln #200 Austin TX 78741,Riverside,78741,4.9,Car detailing service,,,,,,
The Wash Shop,(512) 257-1799,drivehappy@washshop.com,https://washshop.com/,12600 Research Blvd Austin TX 78759,Twin Rock At Oak Knoll,78759,4,Car detailing service,https://www.facebook.com/washshop.carwash,https://www.instagram.com/the_washshop,,,,
Texas Touch Mobile Auto Detailing - Austin,(512) 601-5283,info@texastouchmobileautodetailing.com,https://texastouchmobileautodetailing.com/,4516 Seton Center Pkwy Austin TX 78759,Quarry,78759,,Car detailing service,,,,,,
